[
  {
    "id": "2f4e5811",
    "name": "John Doe",
    "country": "Israel",
    "email": "john.doe@example.com",
    "phone": "+972123456789"
  },
  {
    "id": "5e4e5817",
    "name": "Jane Smith",
    "country": "China",
    "email": "jane.smith@example.com",
    "phone": "+861234567890"
  },
  {
    "id": "6b7c8d9e",
    "name": "Alice Johnson",
    "country": "Ukraine",
    "email": "alice.johnson@example.com",
    "phone": "+380987654321"
  },
  {
    "id": "1a2b3c4d",
    "name": "Michael Brown",
    "country": "Canada",
    "email": "michael.brown@example.com",
    "phone": "+14165551234"
  },
  {
    "id": "7d8e9f0a",
    "name": "Maria Silva",
    "country": "Brazil",
    "email": "maria.silva@example.com",
    "phone": "+5511987654321"
  },
  {
    "id": "3e4f5a6b",
    "name": "Mohammed Rahman",
    "country": "Morocco",
    "email": "mohammed.rahman@example.com",
    "phone": "+212612345678"
  },
  {
    "id": "9b0c1d2e",
    "name": "Sophie Martin",
    "country": "France",
    "email": "sophie.martin@example.com",
    "phone": "+33123456789"
  },
  {
    "id": "5c6d7e8f",
    "name": "Kenji Tanaka",
    "country": "Japan",
    "email": "kenji.tanaka@example.com",
    "phone": "+819012345678"
  },
  {
    "id": "1f2a3b4c",
    "name": "Emily Johnson",
    "country": "Canada",
    "email": "emily.johnson@example.com",
    "phone": "+14165551235"
  },
  {
    "id": "7c8d9e0f",
    "name": "Lucas Oliveira",
    "country": "Brazil",
    "email": "lucas.oliveira@example.com",
    "phone": "+5511987654322"
  },
  {
    "id": "3d4e5f6a",
    "name": "Leila Mohammed",
    "country": "Morocco",
    "email": "leila.mohammed@example.com",
    "phone": "+212612345679"
  },
  {
    "id": "9a0b1c2d",
    "name": "Louis Dupont",
    "country": "France",
    "email": "louis.dupont@example.com",
    "phone": "+33123456790"
  },
  {
    "id": "5e6f7a8b",
    "name": "Aiko Suzuki",
    "country": "Japan",
    "email": "aiko.suzuki@example.com",
    "phone": "+819012345679"
  },
  {
    "id": "1c2d3e4f",
    "name": "Oliver Smith",
    "country": "Canada",
    "email": "oliver.smith@example.com",
    "phone": "+14165551236"
  },
  {
    "id": "7a8b9c0d",
    "name": "Isabella Santos",
    "country": "Brazil",
    "email": "isabella.santos@example.com",
    "phone": "+5511987654323"
  },
  {
    "id": "3d5e5f6a",
    "name": "Youssef Ahmed",
    "country": "Morocco",
    "email": "youssef.ahmed@example.com",
    "phone": "+212612345680"
  },
  {
    "id": "910b1c2d",
    "name": "Chloé Martin",
    "country": "France",
    "email": "chloe.martin@example.com",
    "phone": "+33123456791"
  },
  {
    "id": "5e7f7a8b",
    "name": "Haruki Nakamura",
    "country": "Japan",
    "email": "haruki.nakamura@example.com",
    "phone": "+819012345680"
  },
  {
    "id": "1c3d3e4f",
    "name": "Ella Anderson",
    "country": "Canada",
    "email": "ella.anderson@example.com",
    "phone": "+14165551237"
  },
  {
    "id": "2a8b9c01",
    "name": "Matheus Alves",
    "country": "Brazil",
    "email": "matheus.alves@example.com",
    "phone": "+5511987654324"
  },
  {
    "id": "3d6e5f6a",
    "name": "Zahra Mohammed",
    "country": "Morocco",
    "email": "zahra.mohammed@example.com",
    "phone": "+212612345681"
  },
  {
    "id": "920b1c2d",
    "name": "Gabriel Dupont",
    "country": "France",
    "email": "gabriel.dupont@example.com",
    "phone": "+33123456792"
  },
  {
    "id": "5e4e5818",
    "name": "Yuki Tanaka",
    "country": "Japan",
    "email": "yuki.tanaka@example.com",
    "phone": "+819012345681"
  },
  {
    "id": "6b7c8d9f",
    "name": "Liam Johnson",
    "country": "Canada",
    "email": "liam.johnson@example.com",
    "phone": "+14165551238"
  },
  {
    "id": "1a2b3c4e",
    "name": "Gabriela Silva",
    "country": "Brazil",
    "email": "gabriela.silva@example.com",
    "phone": "+5511987654325"
  },
  {
    "id": "7d8e9f0b",
    "name": "Ahmed Hassan",
    "country": "Morocco",
    "email": "ahmed.hassan@example.com",
    "phone": "+212612345682"
  },
  {
    "id": "3e4f5a6c",
    "name": "Sophia Martin",
    "country": "France",
    "email": "sophia.martin@example.com",
    "phone": "+33123456793"
  },
  {
    "id": "9b0c1d2f",
    "name": "Haru Suzuki",
    "country": "Japan",
    "email": "haru.suzuki@example.com",
    "phone": "+819012345682"
  },
  {
    "id": "5c6d7e8g",
    "name": "Olivia Anderson",
    "country": "Canada",
    "email": "olivia.anderson@example.com",
    "phone": "+14165551239"
  },
  {
    "id": "1f2a3b4d",
    "name": "Lucas Rodrigues",
    "country": "Brazil",
    "email": "lucas.rodrigues@example.com",
    "phone": "+5511987654326"
  },
  {
    "id": "7c8d9e1g",
    "name": "Nadia Ahmed",
    "country": "Morocco",
    "email": "nadia.ahmed@example.com",
    "phone": "+212612345683"
  },
  {
    "id": "3d7e5f6a",
    "name": "Emma Dupont",
    "country": "France",
    "email": "emma.dupont@example.com",
    "phone": "+33123456794"
  },
  {
    "id": "930b1c2d",
    "name": "Kaito Tanaka",
    "country": "Japan",
    "email": "kaito.tanaka@example.com",
    "phone": "+819012345683"
  },
  {
    "id": "5e8f7a8b",
    "name": "Noah Johnson",
    "country": "Canada",
    "email": "noah.johnson@example.com",
    "phone": "+14165551240"
  },
  {
    "id": "1c4d3e4f",
    "name": "Isabel Santos",
    "country": "Brazil",
    "email": "isabel.santos@example.com",
    "phone": "+5511987654327"
  },
  {
    "id": "3f8b9c02",
    "name": "Rania Mohamed",
    "country": "Morocco",
    "email": "rania.mohamed@example.com",
    "phone": "+212612345684"
  },
  {
    "id": "3d8e5f6a",
    "name": "Adam Martin",
    "country": "France",
    "email": "adam.martin@example.com",
    "phone": "+33123456795"
  },
  {
    "id": "940b1c2d",
    "name": "Sora Suzuki",
    "country": "Japan",
    "email": "sora.suzuki@example.com",
    "phone": "+819012345684"
  },
  {
    "id": "5e9f7a8b",
    "name": "Ava Anderson",
    "country": "Canada",
    "email": "ava.anderson@example.com",
    "phone": "+14165551241"
  },
  {
    "id": "1c5d3e4f",
    "name": "Gustavo Oliveira",
    "country": "Brazil",
    "email": "gustavo.oliveira@example.com",
    "phone": "+5511987654328"
  },
  {
    "id": "758b9c03",
    "name": "Hassan Mohammed",
    "country": "Morocco",
    "email": "hassan.mohammed@example.com",
    "phone": "+212612345685"
  },
  {
    "id": "3d9e5f6a",
    "name": "Léa Dupont",
    "country": "France",
    "email": "lea.dupont@example.com",
    "phone": "+33123456796"
  },
  {
    "id": "950b1c2d",
    "name": "Kota Tanaka",
    "country": "Japan",
    "email": "kota.tanaka@example.com",
    "phone": "+819012345685"
  },
  {
    "id": "5eaf7a8b",
    "name": "Liam Johnson",
    "country": "Canada",
    "email": "liam.johnson@example.com",
    "phone": "+14165551242"
  },
  {
    "id": "1c6d3e4f",
    "name": "Manuela Silva",
    "country": "Brazil",
    "email": "manuela.silva@example.com",
    "phone": "+5511987654329"
  },
  {
    "id": "44cb9c04",
    "name": "Yasmine Ahmed",
    "country": "Morocco",
    "email": "yasmine.ahmed@example.com",
    "phone": "+212612345686"
  },
  {
    "id": "3d4e6f6a",
    "name": "Léo Martin",
    "country": "France",
    "email": "leo.martin@example.com",
    "phone": "+33123456797"
  },
  {
    "id": "960b1c2d",
    "name": "Haruka Suzuki",
    "country": "Japan",
    "email": "haruka.suzuki@example.com",
    "phone": "+819012345686"
  },
  {
    "id": "5ebf7a8b",
    "name": "Mia Anderson",
    "country": "Canada",
    "email": "mia.anderson@example.com",
    "phone": "+14165551243"
  },
  {
    "id": "1c7d3e4f",
    "name": "Pedro Alves",
    "country": "Brazil",
    "email": "pedro.alves@example.com",
    "phone": "+5511987654330"
  },
  {
    "id": "7a0b9c05",
    "name": "Yusuf Mohammed",
    "country": "Morocco",
    "email": "yusuf.mohammed@example.com",
    "phone": "+212612345687"
  },
  {
    "id": "3d4e7f6a",
    "name": "Leila Dupont",
    "country": "France",
    "email": "leila.dupont@example.com",
    "phone": "+33123456798"
  },
  {
    "id": "970b1c2d",
    "name": "Aoi Tanaka",
    "country": "Japan",
    "email": "aoi.tanaka@example.com",
    "phone": "+819012345687"
  },
  {
    "id": "5ecf7a8b",
    "name": "Emma Johnson",
    "country": "Canada",
    "email": "emma.johnson@example.com",
    "phone": "+14165551244"
  },
  {
    "id": "1c8d3e4f",
    "name": "Arthur Silva",
    "country": "Brazil",
    "email": "arthur.silva@example.com",
    "phone": "+5511987654331"
  },
  {
    "id": "6a8b9c06",
    "name": "Fatima Ahmed",
    "country": "Morocco",
    "email": "fatima.ahmed@example.com",
    "phone": "+212612345688"
  },
  {
    "id": "3d4e8f6a",
    "name": "Thomas Martin",
    "country": "France",
    "email": "thomas.martin@example.com",
    "phone": "+33123456799"
  },
  {
    "id": "980b1c2d",
    "name": "Hiroki Suzuki",
    "country": "Japan",
    "email": "hiroki.suzuki@example.com",
    "phone": "+819012345688"
  },
  {
    "id": "5edf7a8b",
    "name": "Sophia Anderson",
    "country": "Canada",
    "email": "sophia.anderson@example.com",
    "phone": "+14165551245"
  },
  {
    "id": "1c9d3e4f",
    "name": "Luan Oliveira",
    "country": "Brazil",
    "email": "luan.oliveira@example.com",
    "phone": "+5511987654332"
  },
  {
    "id": "1a8b9c07",
    "name": "Amina Mohammed",
    "country": "Morocco",
    "email": "amina.mohammed@example.com",
    "phone": "+212612345689"
  },
  {
    "id": "3d4e9f6a",
    "name": "Lucas Dupont",
    "country": "France",
    "email": "lucas.dupont@example.com",
    "phone": "+33123456800"
  },
  {
    "id": "990b1c2d",
    "name": "Sakura Tanaka",
    "country": "Japan",
    "email": "sakura.tanaka@example.com",
    "phone": "+819012345689"
  },
  {
    "id": "5eef7a8b",
    "name": "William Johnson",
    "country": "Canada",
    "email": "william.johnson@example.com",
    "phone": "+14165551246"
  },
  {
    "id": "1d2d3e4f",
    "name": "Valentina Silva",
    "country": "Brazil",
    "email": "valentina.silva@example.com",
    "phone": "+5511987654333"
  }
]
